<?xml version="1.0" encoding="utf-8"?>
<ArrayOfGopherItem xmlns:xsi="http://www.w3.org/2001/XMLSchema-instance" xmlns:xsd="http://www.w3.org/2001/XMLSchema">
  <GopherItem>
    <ItemType>105</ItemType>
    <DisplayString>I am a test</DisplayString>
    <Selector>fake</Selector>
    <Hostname>error.host</Hostname>
    <Port>1</Port>
  </GopherItem>
  <GopherItem>
    <ItemType>105</ItemType>
    <DisplayString>I am a second one</DisplayString>
    <Selector>fake</Selector>
    <Hostname>error.host</Hostname>
    <Port>1</Port>
  </GopherItem>
</ArrayOfGopherItem>